"";"Name";"sequence";"aIndex";"Boman";"Charge";"PP1";"PP2";"PP3";"F1";"F2";"F3";"F4";"F5";"F6";"Hidrophobicity";"pI";"MW"
"1";">Antiox_1";"AAVPSGASTGIYEALELR";103,333333333333;0,562777777777778;-1,05389686143089;-0,33;-0,453888888888889;0,0927777777777778;-0,112055555555556;0,0165;-0,382722222222222;0,809444444444444;0,148;-0,209166666666667;-0,0222222222222222;4,2581409214823;1805,01774
"2";">Antiox_2";"ACSNHSPLGWRGH";37,6923076923077;1,95846153846154;1,33241654892879;-0,0876923076923077;-0,338461538461538;0,276153846153846;-0,102846153846154;-0,454923076923077;-0,434615384615385;-0,0149230769230769;0,00676923076923076;-0,130307692307692;-0,0753846153846154;8,56480121836716;1421,55584
"3";">Antiox_3";"AEEEYPD";14,2857142857143;3,92571428571429;-4,04973555134863;0,337142857142857;-0,464285714285714;-0,561428571428571;-0,745142857142857;0,235;-0,212428571428571;0,177714285714286;0,584;-1,01285714285714;0,391428571428571;3,33170780324493;851,82184
"4";">Antiox_8";"ATSHH";20;2,696;0,342327538927798;0,238;-0,488;0,398;-0,172;0,0892;-0,5492;-0,1008;0,0434;0,0494;0,268;7,71435533942115;551,55954
"5";">Antiox_9";"AVPYPQR";55,7142857142857;2,10714285714286;0,939798520202593;-0,241428571428571;-0,177142857142857;0,0628571428571428;-0,531285714285714;-0,401285714285714;0,0167142857142857;0,127857142857143;0,943;0,234857142857143;0,0342857142857143;9,34881785998867;829,95424
"6";">Antiox_11";"CSQAPLA";84,2857142857143;-0,125714285714286;-0,0690934689974153;-0,427142857142857;-0,497142857142857;0,0985714285714286;0,118428571428571;0,041;-0,631571428571428;0,371;0,529285714285714;-0,23;-0,274285714285714;5,92253937403293;688,79664
"7";">Antiox_13";"DAQEKLE";70;3,81428571428571;-2,05228680827719;0,342857142857143;-0,414285714285714;-0,327142857142857;-0,693714285714286;0,747714285714286;-0,195857142857143;0,488571428571429;0,139857142857143;-0,506714285714286;0,654285714285714;3,92756032721618;831,87784
"8";">Antiox_14";"DEDTQAMP";12,5;3,525;-3,05404216771714;0,19125;-0,54875;-0,355;-0,521375;0,07;-0,434875;0,011875;0,4875;-0,72725;0,34625;3,3800305331669;905,93184
"9";">Antiox_16";"DHG";0;4,14666666666667;-0,857433468986303;0,263333333333333;-0,666666666666667;-0,0466666666666667;-0,591;-0,734;-0,754666666666667;-0,117666666666667;-0,457666666666667;-0,913;0,31;5,29227620246987;327,29684
"10";">Antiox_18";"DHTKE";0;5,662;-0,854679108547347;0,722;-0,416;-0,05;-0,8672;0,3054;-0,2588;-0,139;0,0228;-0,2324;0,918;5,45428260397744;628,63964
"11";">Antiox_19";"DLGLGLPGAH";127;-0,601;-0,857433468986303;-0,544;-0,507;0,036;0,1217;-0,4473;-0,504;0,9076;0,1915;-0,7162;-0,371;5,29227620246987;949,07434
"12";">Antiox_20";"DSGVT";58;1,942;-1,0581934778994;-0,014;-0,756;0,058;-0,6724;-0,683;-0,78;0,6006;-0,2902;-0,2722;0,26;3,74997247561585;477,47164
"13";">Antiox_21";"DYY";0;3;-1,06019147989741;0,54;-0,0166666666666667;-0,466666666666667;-0,213333333333333;-0,72;0,974;-0,377666666666667;-0,643;-0,394666666666667;-0,103333333333333;3,74997122584082;459,45584
"14";">Antiox_23";"EELDNALN";110;2,99625;-3,05188885953288;0,22;-0,47625;-0,38875;-0,425875;0,441375;-0,220625;0,5815;0,08075;-0,8075;0,2875;3,42471508205017;916,94004
"15";">Antiox_25";"ESTVPERTHPACPDFN";24,375;2,936875;-1,86103984061879;0,036875;-0,40625;-0,045;-0,4478125;-0,2468125;-0,3935;-0,043375;0,6785;-0,2118125;0,149375;4,42143473677919;1799,93254
"16";">Antiox_26";"ESYHLPR";55,7142857142857;3,57285714285714;0,143710838298955;0,202857142857143;-0,112857142857143;0,0614285714285714;-0,317285714285714;-0,0554285714285714;0,134857142857143;0,051;0,565142857142857;0,0808571428571429;0,19;7,54334939297178;900,98964
"17";">Antiox_34";"FSVVPSPK";72,5;0,16125;0,94040957235729;-0,38125;-0,34;0,1425;-0,576;-0,476875;-0,200875;0,408375;0,893625;0,10825;-0,14875;9,70001568333414;860,02094
"18";">Antiox_35";"FVAGK";78;-0,844;0,94040957235729;-0,618;-0,322;0,216;-0,294;0,00240000000000001;-0,203;0,7898;-0,2876;0,0868;-0,112;9,70001568333414;520,62924
"19";">Antiox_36";"GAA";66,6666666666667;-1,52;-0,0591924788984054;-0,933333333333333;-0,84;0,37;0,0696666666666667;-0,192333333333333;-1,22466666666667;1,33433333333333;-0,329666666666667;-0,782;-0,233333333333333;6,09998232888297;217,22474
"20";">Antiox_37";"GAPQWLR";70;1,49428571428571;0,940797521201594;-0,272857142857143;-0,114285714285714;0,09;-0,0671428571428572;-0,232;0,00214285714285717;0,321285714285714;0,347;-0,0345714285714285;-0,125714285714286;10,5499991946977;826,95344
"21";">Antiox_38";"GATGPQGPLGPR";40,8333333333333;1,045;0,940797521201594;-0,485833333333333;-0,52;0,233333333333333;-0,23125;-1,061;-0,73;0,615083333333333;0,642083333333333;-0,411583333333333;-0,055;10,5499991946977;1107,23444
"22";">Antiox_40";"GESWCR";0;3,43;-0,0659511597141562;0,13;-0,2;0,13;-0,2395;-0,225666666666667;-0,321666666666667;-0,290666666666667;-0,386166666666667;0,0555000000000001;0,113333333333333;6,2324453474147;736,80034
"23";">Antiox_41";"GFGPEL";65;-0,495;-1,05604016971515;-0,563333333333333;-0,405;-0,15;0,0468333333333334;-0,611166666666667;-0,366333333333333;0,736833333333333;0,4315;-0,809833333333333;-0,405;3,84997403782626;618,68724
"24";">Antiox_43";"GGRP";0;3,26;0,940797521201594;-0,4425;-0,4425;0,475;-0,5115;-1,5245;-0,84;0,5005;0,39125;-0,168;0,2;10,5499991946977;385,42324
"25";">Antiox_48";"GPEPTGPT";0;1,25875;-1,05604016971515;-0,30625;-0,6275;0,065;-0,3805;-1,258;-0,823125;0,371125;1,246125;-0,720625;-0,0175;3,84997403782626;754,79484
"26";">Antiox_50";"GPLGLLGFLGPLGLS";156;-2,25333333333333;-0,0591924788984054;-0,790666666666667;-0,397333333333333;0,0573333333333333;0,407533333333333;-0,597133333333333;-0,328866666666667;1,19126666666667;0,3588;-0,591666666666667;-0,660666666666667;6,09998232888297;1410,71934
"27";">Antiox_52";"GPVRGPFPII";107;-0,382;0,940797521201594;-0,712;-0,262;0,068;0,0103;-0,8264;-0,1505;0,4214;0,865;-0,1011;-0,407;10,5499991946977;1052,28464
"28";">Antiox_54";"GSYHDSK";0;3,56142857142857;0,141169581270392;0,36;-0,445714285714286;0,257142857142857;-0,545857142857143;-0,597428571428571;-0,340571428571429;0,095;-0,329571428571429;-0,204142857142857;0,415714285714286;7,54147297940811;792,80334
"29";">Antiox_55";"GVPLT";136;-1,466;-0,0591924788984054;-0,638;-0,488;0,082;-0,1552;-0,6068;-0,4196;0,8744;0,6312;-0,156;-0,356;6,09998232888297;485,58094
"30";">Antiox_56";"HFGDPFH";0;1,59142857142857;-0,656673460073201;-0,15;-0,221428571428571;-0,142857142857143;0,00628571428571431;-0,456142857142857;-0,0257142857142857;-0,277142857142857;0,357;-0,529714285714286;-0,342857142857143;6,49652118979239;855,90784
"31";">Antiox_57";"HGPLGPL";111,428571428571;-1,00857142857143;0,141567530014696;-0,644285714285714;-0,407142857142857;0,104285714285714;0,129428571428571;-0,828142857142857;-0,436857142857143;0,657571428571429;0,933857142857143;-0,660142857142857;-0,534285714285714;7,55032539329828;689,81234
"32";">Antiox_59";"HMSY";0;1,4625;0,140568529015695;0,1425;-0,12;0,165;0,1125;0,0255;0,23175;-0,55425;-0,198;0,03125;-0,1475;7,54232835517989;536,60314
"33";">Antiox_61";"IEAEGE";81,6666666666667;2,12666666666667;-3,04973555134863;0,00666666666666665;-0,571666666666667;-0,391666666666667;-0,420166666666667;0,550333333333333;-0,489833333333333;0,664833333333333;0,00399999999999999;-0,871333333333333;0,385;3,47281444278972;646,65184
"34";">Antiox_63";"IKL";260;-1,43;0,94040957235729;-0,413333333333333;0,0266666666666667;0,193333333333333;0,445666666666667;0,745333333333333;0,599;0,990333333333333;0,057;0,481;-0,0566666666666667;9,70001568333414;372,50814
"35";">Antiox_65";"ISIGGQPAGRIVM";120;-0,147692307692308;0,940797521201594;-0,543076923076923;-0,4;0,163846153846154;0,0543846153846154;-0,343307692307692;-0,339615384615385;0,543076923076923;-0,0232307692307692;-0,00207692307692304;-0,119230769230769;10,5499991946977;1298,56624
"36";">Antiox_66";"KAI";163,333333333333;-0,393333333333333;0,94040957235729;-0,433333333333333;-0,236666666666667;0,376666666666667;0,114666666666667;0,643;0,0283333333333334;0,818;-0,100666666666667;0,328;0,22;9,70001568333414;330,42754
"37";">Antiox_68";"KFPE";0;2,345;-0,0564381184594501;-0,03;-0,09;-0,16;-0,474;0,05375;0,174;0,098;1,0285;-0,31725;0,1725;6,40878378972325;519,59814
"38";">Antiox_69";"KHNRGDEF";0;5,4225;0,145310891552652;0,3875;-0,2375;0,0375;-0,6875;-0,06375;-0,1145;-0,06975;-0,212125;-0,0971249999999999;0,63125;7,55034513051986;1002,05434
"39";">Antiox_73";"LANAK";118;0,73;0,94040957235729;-0,28;-0,392;0,28;-0,1564;0,4806;-0,2916;0,9228;-0,0092;-0,1578;0,174;9,70001568333414;515,61014
"40";">Antiox_74";"LEELEEELEGCE";97,5;2,5575;-7,04702730471459;0,204166666666667;-0,43;-0,580833333333333;-0,420916666666667;0,9085;-0,291083333333333;0,529333333333333;0,221833333333333;-0,849;0,306666666666667;3,16650238310328;1421,49264
"41";">Antiox_77";"LGLNGDDVN";118,888888888889;1,66222222222222;-2,0571944769004;-0,102222222222222;-0,587777777777778;-0,177777777777778;-0,439555555555556;-0,489222222222222;-0,433444444444444;0,683111111111111;-0,331444444444444;-0,696666666666667;0,0355555555555556;3,49190139552683;915,95524
"42";">Antiox_78";"LHG";130;-0,4;0,141567530014696;-0,37;-0,36;0,206666666666667;0,241666666666667;-0,21;-0,325666666666667;0,575333333333333;-0,192666666666667;-0,372666666666667;-0,326666666666667;7,55032539329828;325,36764
"43";">Antiox_79";"LKQELEDLLEKQE";120;2,95846153846154;-3,04638013865497;0,301538461538462;-0,256153846153846;-0,36;-0,494461538461538;0,886615384615385;0,0973846153846154;0,619153846153846;0,243307692307692;-0,339538461538462;0,514615384615385;3,98690438370374;1614,81304
"44";">Antiox_89";"LQPGQGQQ";48,75;1,92;-0,0591924788984054;-0,04375;-0,44625;-0,10625;-0,392125;-0,478;-0,418625;0,30175;0,249125;-0,240125;0,27875;6,09998232888297;854,91794
"45";">Antiox_91";"LQSGDALRVPSGTTYY";73,125;1,489375;-0,0602014797974075;-0,094375;-0,385625;0,105625;-0,2090625;-0,4280625;-0,214625;0,5300625;0,050375;-0,0173125;0,05125;6,32526314156718;1727,89134
"46";">Antiox_92";"LSGYGP";65;-0,543333333333333;-0,0601914798974064;-0,458333333333333;-0,461666666666667;0,173333333333333;0,0361666666666667;-1,1755;-0,4165;0,722833333333333;0,2255;-0,553333333333333;-0,385;6,09322134945637;592,64934
"47";">Antiox_94";"LVGDEQAVPAVCVP";125;-0,417857142857143;-2,06494215881515;-0,510714285714286;-0,515;-0,143571428571429;-0,518785714285714;7,1428571428598e-05;-0,4565;0,518428571428571;0,403642857142857;-0,1935;-0,205;3,5500577712522;1396,62154
"48";">Antiox_95";"LVNPHDHQN";75,5555555555556;3,1;-0,656673460073201;0,227777777777778;-0,372222222222222;-0,116666666666667;-0,586111111111111;-0,153777777777778;-0,151555555555556;-0,159555555555556;0,308777777777778;-0,271111111111111;0,204444444444444;6,49652118979239;1073,13304
"49";">Antiox_99";"MFTGPY";0;-0,593333333333333;-0,0601914798974064;-0,441666666666667;-0,185;-0,0116666666666667;0,303;-0,654333333333333;0,0893333333333334;0,00400000000000002;0,338833333333333;-0,278;-0,5;6,09322134945637;714,83414
"50";">Antiox_105";"NGLEGLK";111,428571428571;1,04;-0,05643811845945;-0,171428571428571;-0,421428571428571;0,0757142857142857;-0,250714285714286;-0,165857142857143;-0,344285714285714;0,916428571428571;-0,206;-0,475;0,165714285714286;6,40878378972325;729,83124
"51";">Antiox_107";"NGPLQAGQPGER";40,8333333333333;2,49166666666667;-0,0560501696151463;-0,166666666666667;-0,4675;0,055;-0,447416666666667;-0,599583333333333;-0,563583333333333;0,441666666666667;0,39175;-0,397083333333333;0,225;6,41013912425224;1223,31074
"52";">Antiox_108";"NGRLGYSEGVM";61,8181818181818;1,61636363636364;-0,0570491706141473;-0,189090909090909;-0,386363636363636;0,127272727272727;-0,328545454545455;-0,410545454545455;-0,323454545454545;0,481363636363636;-0,363454545454545;-0,160454545454545;0,0909090909090909;6,40332815169462;1182,31654
"53";">Antiox_112";"PAGY";25;-0,6525;-0,0601914798974064;-0,585;-0,435;0,1325;-0,019;-1,0735;-0,369;0,50225;0,49;-0,64125;-0,435;6,09322134945637;406,43864
"54";">Antiox_113";"PEASY";20;1,708;-1,05703917071415;-0,022;-0,42;-0,076;-0,343;-0,3068;-0,252;0,315;0,7068;-0,558;0,00199999999999997;3,84997359877213;565,58044
"55";">Antiox_116";"PKAV";97,5;-0,0750000000000001;0,94040957235729;-0,5425;-0,3725;0,275;-0,72975;-0,025;-0,31475;0,6545;0,878;0,12175;0,07;9,70001568333414;413,51744
"56";">Antiox_117";"PKAVHE";65;1,86166666666667;0,144321890453652;-0,0933333333333333;-0,356666666666667;0,08;-0,756333333333333;0,2915;-0,274;0,237333333333333;0,656166666666667;-0,107833333333333;0,288333333333333;7,54973946099212;679,77404
"57";">Antiox_118";"PLPLHMLP";146,25;-1,55625;0,141567530014696;-0,66;-0,14875;-0,08;0,374375;-0,115375;0,08375;0,376;1,644625;-0,480375;-0,75;7,55032539329828;917,17724
"58";">Antiox_121";"PNRPQF";0;4,02;0,940797521201594;-0,0116666666666667;-0,0933333333333333;-0,015;-0,4475;-0,6605;0,042;-0,243666666666667;1,17916666666667;0,0495;0,141666666666667;10,5499991946977;757,84724
"59";">Antiox_124";"PSHDAHPE";12,5;3,305;-1,65352115088994;0,13875;-0,50375;-0,06375;-0,536125;-0,2795;-0,526125;-0,132875;0,994875;-0,701375;0,14875;5,29609808601886;888,89194
"60";">Antiox_127";"PSLVGRPPVGKLTL";125;0,122857142857143;1,94039957245729;-0,477142857142857;-0,335714285714286;0,192857142857143;-0,274142857142857;-0,458928571428571;-0,266071428571429;0,769;0,742285714285714;0,0307857142857143;-0,146428571428571;11,6517686762183;1433,75744
"61";">Antiox_128";"PSYV";72,5;-0,125;-0,0601914798974064;-0,2725;-0,3075;0,04;-0,47625;-0,7995;0,03475;0,25025;0,7045;0,03775;-0,3225;6,09322134945637;464,51874
"62";">Antiox_129";"PVMGA";78;-1,828;-0,0591924788984054;-0,894;-0,512;0,102;-0,1702;-0,309;-0,5846;0,5202;0,5146;-0,4162;-0,462;6,09998232888297;473,58784
"63";">Antiox_132";"PYSWK";0;1,352;0,939410571358289;0,114;0,06;0,166;-0,2232;-0,6492;0,4928;-0,2104;0,4136;-0,022;-0,152;9,29829459837998;679,77344
"64";">Antiox_134";"QHGV";72,5;1,305;0,141567530014696;-0,1075;-0,46;0,085;-0,67175;-0,208;-0,42375;0,09825;-0,34575;0,1165;0,205;7,55032539329828;439,47154
"65";">Antiox_136";"RGLHPVPQ";85;1,9025;1,1415575301147;-0,26875;-0,2475;0,11875;-0,44125;-0,42525;-0,2005;0,214125;0,849375;0,104625;0,01125;10,5517657541932;903,05184
"66";">Antiox_137";"RPDFDLEPPY";39;3,141;-2,05505116861615;-0,013;-0,196;-0,323;-0,3619;-0,4673;0,1087;0,055;1,1108;-0,529;-0,068;3,87600265114973;1248,35754
"67";">Antiox_138";"RPNYTDA";14,2857142857143;4,45428571428571;-0,0592024787984066;0,222857142857143;-0,315714285714286;0,06;-0,491285714285714;-0,504285714285714;-0,132285714285714;0,0315714285714286;0,334571428571429;-0,0687142857142857;0,362857142857143;6,33190628091255;835,87174
"68";">Antiox_139";"RPPGFSPFR";0;2,92666666666667;1,94078752130159;-0,333333333333333;-0,0888888888888889;0,185555555555556;-0,209444444444444;-0,870888888888889;-0,0803333333333333;0,0798888888888889;1,15344444444444;0,0986666666666667;-0,123333333333333;12,5000711634761;1060,22364
"69";">Antiox_140";"SHDAHPE";14,2857142857143;3,77714285714286;-1,65352115088994;0,274285714285714;-0,518571428571429;-0,0628571428571429;-0,554571428571429;-0,0282857142857143;-0,520714285714286;-0,133571428571429;0,587428571428571;-0,643285714285714;0,277142857142857;5,29609808601886;791,77524
"70";">Antiox_141";"SKDAPY";16,6666666666667;2,66666666666667;-0,0595904276427104;0,0916666666666667;-0,391666666666667;0,101666666666667;-0,5085;-0,465666666666667;-0,199666666666667;0,253333333333333;0,447;-0,348666666666667;0,225;6,33056907600969;679,72764
"71";">Antiox_143";"SQLPGW";65;0,125;-0,0591924788984054;-0,223333333333333;-0,248333333333333;-0,0166666666666667;0,00949999999999999;-0,611666666666667;-0,0951666666666667;0,295333333333333;0,408833333333333;-0,406333333333333;-0,343333333333333;6,09998232888297;686,76534
"72";">Antiox_146";"TRTGDPFF";0;2,735;-0,0582034777994055;-0,09875;-0,2475;-0,00124999999999999;-0,088625;-0,579625;-0,1045;0,1535;0,334875;-0,0205;0,02125;6,33872489404841;940,02334
"73";">Antiox_147";"TSQLLSDQ";97,5;2,41625;-1,0581934778994;0,2475;-0,46375;-0,09125;-0,21;0,05375;-0,25425;0,5285;0,115;-0,099125;0,285;3,74997247561585;890,94554
"74";">Antiox_148";"TTANIEDRR";54,4444444444444;5,60222222222222;-0,0550611685161465;0,362222222222222;-0,314444444444444;0,0977777777777778;-0,494111111111111;0,135333333333333;-0,195666666666667;0,198666666666667;-0,0418888888888889;0,307444444444444;0,75;6,49566333989294;1075,14654
"75";">Antiox_149";"VAPFPGVFGK";68;-1,218;0,94040957235729;-0,744;-0,336;0,071;-0,2574;-0,5445;-0,2434;0,5922;0,4924;-0,1905;-0,405;9,70001568333414;1018,22374
"76";">Antiox_150";"VDHDHPE";41,4285714285714;4,21857142857143;-2,65252214989094;0,352857142857143;-0,481428571428571;-0,351428571428571;-0,889142857142857;-0,0101428571428571;-0,301714285714286;-0,293285714285714;0,503714285714286;-0,651285714285714;0,314285714285714;4,36181294114796;847,83944
"77";">Antiox_151";"VDYP";72,5;1,205;-1,05919247889841;-0,125;-0,325;-0,3525;-0,677;-0,69875;0,1585;0,061;0,631;-0,38575;-0,225;3,74997185065973;492,52914
"78";">Antiox_163";"VKVLLEHPVL";204;-0,986;0,144321890453652;-0,43;-0,215;-0,083;-0,3809;0,5402;0,1532;0,7801;0,5024;0,1606;-0,21;7,54973946099212;1146,43864
"79";">Antiox_166";"VNPHDHQN";36,25;4,1025;-0,656673460073201;0,36875;-0,4225;-0,10125;-0,809375;-0,314;-0,258375;-0,4175;0,280375;-0,287375;0,3675;6,49652118979239;959,97364
"80";">Antiox_168";"VPSIDDQEELM";97,2727272727273;2,16090909090909;-4,05088985853388;0,0545454545454545;-0,436363636363636;-0,409090909090909;-0,436181818181818;0,267181818181818;-0,159909090909091;0,256909090909091;0,39;-0,531090909090909;0,157272727272727;3,29496385906677;1275,39304
"81";">Antiox_170";"VVKL";242,5;-1,8625;0,94040957235729;-0,575;-0,1825;0,12;-0,71275;0,6975;0,2615;1,07225;-0,02275;0,773;-0,05;9,70001568333414;457,61394
"82";">Antiox_172";"WCTSVS";48,3333333333333;0,286666666666667;-0,0690934689974153;-0,045;-0,363333333333333;0,181666666666667;-0,0855;-0,2755;-0,348166666666667;-0,1515;-0,275166666666667;0,266833333333333;-0,258333333333333;5,92253937403293;681,76134
"83";">Antiox_174";"WEGPK";0;1,818;-0,05643811845945;-0,018;-0,168;-0,008;-0,5008;-0,4744;-0,0454;0,0574;0,4354;-0,556;0,078;6,40878378972325;615,68664
"84";">Antiox_176";"WPP";0;-0,776666666666667;-0,0591924788984054;-0,52;0,0666666666666667;-0,203333333333333;0,01;-1,38366666666667;0,313666666666667;-0,538666666666667;2,29466666666667;-0,865333333333333;-1,02333333333333;6,09998232888297;398,46184
"85";">Antiox_186";"YPFPG";0;-0,756;-0,0601914798974064;-0,608;-0,18;-0,086;0,1114;-1,372;0,061;0,0936;1,1512;-0,6176;-0,73;6,09322134945637;579,65314
"86";">Antiox_187";"YPPAK";20;0,776;0,939410571358289;-0,334;-0,208;0,194;-0,333;-0,7082;-0,0198;0,197;1,3506;-0,274;-0,126;9,29829459837998;574,67754
"87";">Antiox_188";"YRPPGFSPFR";0;2,648;1,93978852030259;-0,269;-0,038;0,147;-0,1556;-0,8696;0,103;0,024;0,9546;0,1177;-0,167;11,147635840429;1223,39964
"88";">DRAMP03558_Par";"EAEEDGDLQCLCVKTTSQVRPRHITSLEVIKAGPHCPTAQLIATLKNGRKICLDLQAPLYKKIIKKLLES";108,714285714286;1,46928571428571;3,31726953679162;-0,0971428571428572;-0,306857142857143;0,0745714285714286;-0,1697;0,181242857142857;-0,155557142857143;0,406757142857143;0,166457142857143;0,0766571428571429;0,160857142857143;8,66727203640785;7769,17864
"89";">DRAMP18200_Par";"FFGRLKSMWRGARGGLKAYKYQKDMAKMNKRYGPNWQQGGGQEPPADAQANDQPP";25,0909090909091;2,49163636363636;5,94153213821902;-0,0630909090909091;-0,265636363636364;0,115090909090909;-0,354345454545455;-0,277054545454545;-0,159672727272727;0,207436363636364;0,0779636363636364;-0,136290909090909;0,218363636363636;10,6768368274284;6229,04064
"90";">DRAMP18421_Par";"GFGCPKSALSCSQQCRENNTHSGGYCNGPFNIVCSCY";31,6216216216216;1,4972972972973;1,08290794796159;-0,105405405405405;-0,420810810810811;0,15;-0,0984864864864865;-0,487162162162162;-0,50272972972973;-0,0807027027027027;-0,159108108108108;-0,0617297297297297;-0,0521621621621622;7,75650315358524;3933,36724
"91";">DRAMP18422_Par";"GYFCPYNGYCDHHCRKKLRWRGGYCGGRWKLTCICVRG";38,4210526315789;2,06210526315789;7,27868074960381;-0,108947368421053;-0,140789473684211;0,248947368421053;-0,0579473684210526;-0,386894736842105;-0,109868421052632;-0,178552631578947;-0,381552631578947;0,292236842105263;-0,0286842105263158;9,40819168027308;4514,28534
"92";">DRAMP18425_Par";"GVFDIIKGAGKQLIAHAMEKIAEKVGLNKDGN";103,75;0,856875;1,1478804066577;-0,234375;-0,38875;0,08125;-0,23840625;0,0946875;-0,231;0,58234375;-0,2220625;-0,18403125;0,166875;9,32197604282572;3365,93884
"93";">DRAMP18426_Par";"GVIDIIKGAGKDLIAHAIGKLAEKV";148,4;-0,0964;1,14512604621874;-0,394;-0,4048;0,1168;-0,09596;0,14732;-0,22256;0,79128;-0,21372;-0,1234;0,052;9,3753541466285;2530,04924
"94";">DRAMP18419_Par";"GGFGCPFNIDNQGNCHNHCQSIRGRKGGYCHGIPKQTCKCYKPMGYKARPPFILG";37,2727272727273;1,63636363636364;7,47966386182731;-0,170363636363636;-0,299818181818182;0,192363636363636;-0,0894363636363636;-0,499763636363636;-0,302472727272727;-0,0504727272727273;-0,0497636363636364;-0,00810909090909089;0,01;9,43916970949455;6057,01224
"95";">APD_00954_Par";"FLSLIPTAINAVSALAKHF";138,947368421053;-0,822105263157895;1,14116958127039;-0,453684210526316;-0,304210526315789;0,0889473684210526;0,239105263157895;0,251736842105263;-0,0582631578947368;0,71621052631579;0,241578947368421;-0,0477368421052632;-0,298421052631579;9,7020019458092;2013,41044
"96";">APD_01047_Par";"TPCGESCVYIPCISGVIGCSCTDKVCYLN";83,7931034482759;0,0358620689655172;-1,11684306005251;-0,285172413793103;-0,442413793103448;0,0810344827586207;0,0136206896551724;-0,372965517241379;-0,463172413793103;-0,0145172413793104;-0,105448275862069;0,0216206896551724;-0,241379310344828;4,18418863066333;3028,55134
"97";">APD_01054_Par";"GLPVCGETCTLGTCYTQGCTCSWPICKRN";50,3448275862069;0,802758620689655;0,883146940047489;-0,188275862068966;-0,390344827586207;0,156896551724138;0,0553103448275862;-0,404793103448276;-0,495206896551724;-0,0840689655172414;-0,0797931034482759;0,0863103448275862;-0,128275862068966;7,7327123121513;3095,60434
"98";">APD_01464_Par";"VNPSYRLDPESRPQCEAHCGQLGMRLGAIVIMGTATGCVCEPKEAATPESR";65,0980392156863;1,72823529411765;-0,882712832809352;-0,183921568627451;-0,394705882352941;0,0786274509803922;-0,240196078431373;-0,0823137254901961;-0,41856862745098;0,236058823529412;0,231549019607843;-0,0640196078431372;0,0807843137254902;5,7025325777491;5431,20984
"99";">APD_01551_Par";"DCLSGKYKGPCAVWDNEMCRRICKEEGHISGHCSPSLKCWCEGC";44,3181818181818;1,79409090909091;0,275116061090539;-0,0656818181818182;-0,333863636363636;0,113636363636364;-0,140090909090909;-0,128818181818182;-0,404090909090909;-0,156340909090909;-0,141045454545455;-0,0647045454545454;0,00795454545454543;7,14509199032869;4920,67194
"100";">APD_02553_Par";"ACGILHDNCVYVPAQNPCCRGLQCRYGKCLVQV";88,4848484848485;0,878484848484848;2,08074463987733;-0,262121212121212;-0,323030303030303;0,0751515151515151;-0,140909090909091;-0,120333333333333;-0,314151515151515;-0,0226363636363636;-0,0976363636363636;0,17930303030303;-0,126060606060606;8,11603545037928;3625,29324
"101";">APD_02754_Par";"GYFCPYNGYCDHHCRKKLRWRGGYCGGRWKLTCICVRG";38,4210526315789;2,06210526315789;7,27868074960381;-0,108947368421053;-0,140789473684211;0,248947368421053;-0,0579473684210526;-0,386894736842105;-0,109868421052632;-0,178552631578947;-0,381552631578947;0,292236842105263;-0,0286842105263158;9,40819168027308;4514,28534
"102";">APD_02755_Par";"GFGCPKSALSCSQQCRENNTHSGGYCNGPFNIVCSCY";31,6216216216216;1,4972972972973;1,08290794796159;-0,105405405405405;-0,420810810810811;0,15;-0,0984864864864865;-0,487162162162162;-0,50272972972973;-0,0807027027027027;-0,159108108108108;-0,0617297297297297;-0,0521621621621622;7,75650315358524;3933,36724
"103";">APD_02756_Par";"GGFGCPFNIDNQGNCHNHCQSIRGRKGGYCHGIPKQTCKCYKPMGYKTRPPFILG";35,4545454545455;1,716;7,47966386182731;-0,145636363636364;-0,297636363636364;0,193454545454545;-0,0937818181818182;-0,522872727272727;-0,295218181818182;-0,0694909090909091;-0,0487818181818182;0,0132909090909091;0,0263636363636364;9,43916970949455;6087,03854
"104";">APD_02927_Par";"GVIPGQKQCIALKGVCRDKLCSTLDDTIGICNEGKKCCRRWWILEPYPTPVPKGKSP";78,5964912280702;1,3959649122807;4,88688855996192;-0,164736842105263;-0,295964912280702;0,123684210526316;-0,190964912280702;-0,235350877192982;-0,235842105263158;0,154491228070175;0,144157894736842;0,0577719298245614;0,0498245614035088;8,87160006071783;6301,48814
"105";">APD_03066_Par";"HRRQGPIFDTRPSPFNPNQPRPGPIY";30;3,30192307692308;3,14152753041469;-0,07;-0,2;0,0892307692307692;-0,3145;-0,722615384615384;-0,092076923076923;-0,0452307692307692;0,847076923076923;0,0189615384615385;0,111923076923077;12,0297850338463;3045,41594
"106";">APD_03070_Par";"EWRPHGSIGGSGLRPGRPQTLPPQRPRRPDFNGPRHRF";30,7894736842105;3,75289473684211;6,34639884991005;-0,0752631578947368;-0,191842105263158;0,198157894736842;-0,369315789473684;-0,624894736842105;-0,201078947368421;0,112578947368421;0,61828947368421;0,0983684210526316;0,200526315789474;12,7218445154598;4370,91784
"107";">APD_03071_Par";"SPFVDRPRRPIQHNGPKPRIITNPPFNPNARPAW";48,8235294117647;2,93970588235294;5,14211858276939;-0,129705882352941;-0,192058823529412;0,121470588235294;-0,335852941176471;-0,542588235294118;-0,0806176470588235;0,0193529411764706;0,861764705882353;0,0379117647058824;0,0864705882352941;12,6808259336997;3944,52274
"108";">APD_03302_Par";"IWGLIAHGVAHVGSLIHGLVNG";155;-1,285;0,5430875478409;-0,524545454545455;-0,390454545454545;0,119090909090909;0,0952272727272727;-0,150181818181818;-0,235681818181818;0,659772727272727;-0,292136363636364;-0,159272727272727;-0,347727272727273;7,81098745425728;2220,60504
"109";">ParaP_1032";"ALWKNMLKGIGKLAGKAALGAVKKLVGAES";117,333333333333;-0,256333333333333;4,94157213781903;-0,419666666666667;-0,354;0,256666666666667;-0,1456;0,180066666666667;-0,2588;0,896533333333333;-0,168933333333333;-0,107033333333333;0,027;11,1020486093925;3023,71704
"110";">ParaP_1220";"EEPHKAASAEGKK";23,0769230769231;2,98230769230769;0,149830611331563;0,0869230769230769;-0,456153846153846;0,178461538461538;-0,689538461538462;0,284615384615385;-0,506;0,467307692307692;0,286307692307692;-0,337769230769231;0,583846153846154;7,54856023884755;1381,50834
"111";">ParaP_1222";"NPPDHSAPLGATRPSAPPLPHVVDLPQLGP";81,3333333333333;0,938666666666667;-0,655684458974201;-0,352333333333333;-0,438;0,0306666666666667;-0,2864;-0,566833333333333;-0,416166666666667;0,409866666666667;1,11026666666667;-0,425633333333333;-0,188333333333333;6,49863832316579;3048,45144
"112";">ParaP_1299";"RRIPRPILLPWRPPRPIPRPQPQPIPRWL";94,1379310344828;2,6351724137931;6,94073752180159;-0,278965517241379;0,0448275862068965;0,104137931034483;-0,119172413793103;-0,470068965517241;0,234586206896552;0,0453103448275862;1,41644827586207;0,284241379310345;-0,0855172413793103;13,2781817516837;3600,41504
"113";">ParaP_1324";"YRQSMNQGSRSNGCRFGTCTFQKLAHQIYQLTDKDKDGMAPRNKISPQGY";35,2;2,9274;5,12013375523945;0,0824;-0,2918;0,141;-0,27482;-0,2359;-0,18042;0,07964;-0,08332;0,10468;0,2982;10,0682576336028;5727,42434
"114";">ParaP_1325";"SYSMEHFRWGKPV";22,3076923076923;2,01846153846154;1,14331288955465;-0,0123076923076923;-0,112307692307692;0,112307692307692;-0,297153846153846;-0,146230769230769;0,115538461538462;-0,052;0,0885384615384615;0,0790769230769231;0,02;9,29973577606129;1623,84944
"115";">ParaP_1328";"DDPPLSIDLTFHLLRTLLELARTQSQRERAEQNRIIFDSV";109,75;2,823;-1,84502953793953;0,043;-0,243;-0,07475;-0,17875;0,231325;0,010325;0,423025;0,263825;0,071875;0,20825;4,79316819250881;4708,31134
"116";">ParaP_1340";"ATCDLLSAFGVGHAACAAHCIGHGYRGGYCNSKAVCTCRR";61,25;1,0015;3,48225465780353;-0,2955;-0,40975;0,25775;0,00302499999999999;-0,14675;-0,525675;0,165375;-0,327475;0,080475;-0,09;8,3881733313872;4101,70194
"117";">ParaP_1341";"IIGPVLGLVGSALGGLLKKI";190;-1,9725;1,94001162361298;-0,694;-0,382;0,162;0,1707;-0,18385;-0,2181;1,1213;-0,0167;-0,127;-0,3305;10,8053935283569;1918,43704
"118";">ParaP_1349";"FLPLIGRVLSGIL";202,307692307692;-1,54615384615385;0,940797521201594;-0,668461538461538;-0,193846153846154;0,0330769230769231;0,401692307692308;-0,0402307692307692;0,104307692307692;0,974461538461538;0,241153846153846;0,0440769230769231;-0,503846153846154;10,5499991946977;1397,76704
"119";">ParaP_1350";"LLPIVGNLLKSLL";232,307692307692;-1,83307692307692;0,94040957235729;-0,553846153846154;-0,23;0,0192307692307692;0,299153846153846;0,182923076923077;0,124153846153846;1,13869230769231;0,373076923076923;-0,0885384615384615;-0,442307692307692;9,70001568333414;1392,78834
"120";">ParaP_1351";"FLSGIVGMLGKLF";142,307692307692;-1,99230769230769;0,94040957235729;-0,676153846153846;-0,24;0,0584615384615385;0,359615384615385;-0,0411538461538461;0,0103076923076923;0,854538461538462;-0,174230769230769;-0,123230769230769;-0,493846153846154;9,70001568333414;1381,73924
"121";">ParaP_1355";"DHYNCVSSGGQCLYSACPIFTKIQGTCYRGKAKCCK";46,1111111111111;1,30944444444444;4,07856179254541;-0,110277777777778;-0,343888888888889;0,216666666666667;-0,0651111111111111;-0,267138888888889;-0,352777777777778;-0,04;-0,253472222222222;0,156694444444444;0,0252777777777778;8,61101217820208;3934,56894
"122";">ParaP_1358";"GIGDPVTCLKSGAICHPVFCPRRYKQIGTCGLPGTKCCKKP";64,1463414634146;0,901707317073171;6,08015184589911;-0,294878048780488;-0,339268292682927;0,234390243902439;-0,088390243902439;-0,39880487804878;-0,400073170731707;0,0920731707317073;0,150146341463415;0,123439024390244;-0,0448780487804878;9,1876937972273;4334,23594
"123";">ParaP_1365";"DCLSGRYKGPCAVWDNETCRRVCKEEGRSSGHCSPSLKCWCEGC";33,1818181818182;2,56113636363636;1,07473400112174;-0,00113636363636365;-0,346363636363636;0,155681818181818;-0,289954545454545;-0,207159090909091;-0,467363636363636;-0,115159090909091;-0,132590909090909;0,0509318181818182;0,114318181818182;7,63758053878247;4897,53624
"124";">ParaP_1380";"GKKLALALALALALALALALKKA";191,739130434783;-1,70913043478261;3,93921572612438;-0,661739130434783;-0,311739130434783;0,222608695652174;0,300434782608696;0,765652173913043;-0,142173913043478;1,39913043478261;0,156521739130435;-0,138565217391304;-0,247391304347826;11,2783537870744;2245,90734
"125";">ParaP_1406";"GNNRPVYIPQPRPPHPRL";59,4444444444444;2,97555555555556;3,14053852931569;-0,154444444444444;-0,171666666666667;0,128333333333333;-0,432277777777778;-0,722111111111111;-0,0623333333333333;0,000333333333333327;1,10944444444444;0,0759444444444445;0,0622222222222222;12,2042212021303;2108,43664
"126";">ParaP_1428";"GIGKFLHAAKKFAKAFVAEIMNS";85,2173913043478;0,11695652173913;3,14312804422074;-0,368260869565217;-0,281304347826087;0,171304347826087;-0,0218695652173913;0,303826086956522;-0,107565217391304;0,570565217391304;-0,117913043478261;-0,0447826086956522;-0,0108695652173913;10,8027327717059;2478,98124
"127";">ParaP_1430";"GLWSTIKQKGKEAAIAAAKAAGQAALGAL";101,724137931034;-0,0941379310344828;2,94236803530764;-0,411379310344828;-0,441724137931034;0,231034482758621;-0,0152413793103448;0,236413793103448;-0,410896551724138;0,902206896551724;-0,124275862068966;-0,203068965517241;0,0506896551724138;10,8027154843521;2795,27764
"128";">ParaP_1439";"KWKLFKKIGIGAVLKVLTTGLPALIS";150;-0,880769230769231;4,93881777738007;-0,433461538461538;-0,226923076923077;0,202307692307692;0,0729615384615385;0,100615384615385;0,0377307692307692;0,832692307692308;0,0341538461538462;0,130076923076923;-0,123076923076923;11,402903314713;2795,53434
"129";">ParaP_1442";"ALWKTMLKKLGTMALHAGKAALGAAADTISQGTQ";92,3529411764706;0,163235294117647;3,14097473603648;-0,311176470588235;-0,397058823529412;0,208529411764706;0,0434411764705882;0,203088235294118;-0,318352941176471;0,701941176470588;-0,0817352941176471;-0,131970588235294;0,0273529411764706;10,8027327529878;3455,09414
"130";">ParaP_1452";"GIKKFLHIIWKFIKAFVGEIMNS";118,695652173913;-0,311304347826087;3,14312804422074;-0,321304347826087;-0,112173913043478;0,0734782608695652;0,177608695652174;0,227695652173913;0,263391304347826;0,36595652173913;-0,189652173913043;0,0987391304347826;-0,132608695652174;10,8027327717059;2720,35744
"131";">ParaP_1454";"IIKKFLHSIWKFGKAFVGEIMNI";118,695652173913;-0,311304347826087;3,14312804422074;-0,321304347826087;-0,112173913043478;0,0734782608695652;0,177608695652174;0,227695652173913;0,263391304347826;0,36595652173913;-0,189652173913043;0,0987391304347826;-0,132608695652174;10,8027327717059;2720,35744
"132";">ParaP_1576";"SLLSLIRKLIT";212,727272727273;0,0290909090909091;1,94039957245729;-0,26;-0,139090909090909;0,198181818181818;0,382727272727273;0,399090909090909;0,223909090909091;0,963090909090909;0,156181818181818;0,419636363636364;-0,0818181818181818;11,6517686762183;1256,59474
"133";">ParaP_1577";"GLLKRIKTLL";195;0,305;2,94000162371298;-0,302;-0,074;0,271;0,2084;0,3901;0,2441;1,0258;0,056;0,4336;0,057;11,8230626848527;1154,50494
"134";">ParaP_1620";"GCASRCKAKCAGRRCKGWASASFRGRCYCKCFRC";14,7058823529412;2,66823529411765;9,85894880493329;-0,165294117647059;-0,219411764705882;0,436764705882353;-0,0749705882352941;-0,0863235294117647;-0,456705882352941;-0,163823529411765;-0,383558823529412;0,503029411764706;0,114705882352941;10,1154910036904;3781,52564
"135";">ParaP_1624";"FLPAALAGIGGILGKLF";155,294117647059;-2,30117647058823;0,94040957235729;-0,811176470588235;-0,329411764705882;0,0788235294117647;0,491117647058824;-0,100529411764706;-0,166352941176471;1,07729411764706;0,0695882352941176;-0,357352941176471;-0,547058823529412;9,70001568333414;1658,05964
"136";">ParaP_1706";"RCLPAGKTCVRGPMRVPCCGSCSQNKCT";38,2142857142857;1,86857142857143;4,88057568331892;-0,2225;-0,367142857142857;0,307142857142857;-0,201035714285714;-0,326214285714286;-0,60275;-0,145392857142857;0,0993214285714286;0,308428571428571;0,0389285714285714;8,90496321637111;2956,56164
"137";">DRAMP00804_In";"GIPCAESCVYIPCTVTALLGCSCSNRVCYN";87,6666666666667;0,188333333333333;-0,117454112207208;-0,308333333333333;-0,414;0,114333333333333;0,0379;-0,235066666666667;-0,450433333333333;0,0470333333333333;-0,0416;0,0911;-0,251333333333333;5,93997638208824;3140,68564
"138";">DRAMP00816_In";"GIPCGESCVWIPCISAAIGCSCKSKVCYRN";78;0,3;1,88274899130318;-0,315666666666667;-0,378;0,190666666666667;0,0410333333333333;-0,269366666666667;-0,451033333333333;-0,0214666666666667;-0,119033333333333;0,0904333333333334;-0,196666666666667;8,11138471602031;3148,75454
"139";">DRAMP00817_In";"GSIPACGESCFKGKCYTPGCSCSKYPLCAKN";31,6129032258064;0,781290322580645;2,88096409271557;-0,227096774193548;-0,415161290322581;0,251290322580645;-0,0301290322580645;-0,454258064516129;-0,550612903225806;0,00958064516129032;0,0180967741935484;-0,0716774193548387;-0,0987096774193549;8,37587900203612;3203,74434
"140";">DRAMP00818_In";"GLVPCGETCFTGKCYTPGCSCSYPICKKN";36,8965517241379;0,572068965517241;1,88136204145988;-0,232413793103448;-0,397241379310345;0,194137931034483;-0,0126551724137931;-0,515758620689655;-0,49548275862069;-0,0781379310344828;0,0185862068965517;0,00513793103448276;-0,144827586206897;8,10775341307738;3060,59904
"141";">DRAMP00820_In";"GIPCGESCVWIPGISAAIGCSCKNKVCYRN";78;0,419333333333333;1,89264998140219;-0,313;-0,387333333333333;0,182333333333333;-0,0161666666666667;-0,3471;-0,437233333333333;0,0562;-0,1487;0,0176;-0,154;8,20926600772215;3129,69324
"142";">DRAMP00821_In";"GIPCGESCVYIIPCTVTALAQCKCKSKVCYN";84,8387096774194;0,0929032258064516;1,88136204145988;-0,281935483870968;-0,378709677419355;0,146129032258065;-0,0273225806451613;-0,133516129032258;-0,374354838709677;0,0299354838709677;-0,0635806451612903;0,165225806451613;-0,13258064516129;8,10775341307738;3295,96914
"143";">DRAMP00822_In";"GTLPCGESCVWIPCISSVVGCSCKSKVCYKD";75,1612903225806;0,26258064516129;0,883360043457881;-0,250967741935484;-0,414838709677419;0,157096774193548;-0,150612903225806;-0,296290322580645;-0,466;0,028258064516129;-0,0939354838709678;0,0895161290322581;-0,156129032258065;7,7319174463741;3252,85744
"144";">DRAMP00861_In";"GLPVCGETCFGGTCNTPGCSCSSWPICTRN";35,6666666666667;0,797333333333333;-0,115456110209206;-0,251666666666667;-0,468666666666667;0,166666666666667;0,0336666666666667;-0,636966666666667;-0,663933333333333;-0,0746666666666667;0,0117333333333333;-0,0931333333333333;-0,206;5,9416032263333;3051,46444
"145";">DRAMP03259_In";"RTCMIKKEGWGKCLIDTTCAHSCKNRGYIGGDCKGMTRTCYCLVNC";50,8695652173913;1,69282608695652;5,06349217498435;-0,0904347826086957;-0,311739130434783;0,225869565217391;-0,0357173913043478;-0,152934782608696;-0,345021739130435;-0,0947173913043478;-0,364826086956522;0,199195652173913;0,08;8,59185906003188;5123,07394
"146";">DRAMP04526_In";"SCVFIPCITSLAGCSCKNKVCYYDGGSVPCGE";66,875;0,2065625;-0,117241008796816;-0,2940625;-0,441875;0,1234375;-0,0540625;-0,3838125;-0,4923125;0,06278125;-0,12978125;-0,03278125;-0,20625;6,02543026473835;3304,84644
"147";">DRAMP18097_In";"MPFHYFPKLNPITWIPGWIPGLGKDRCLLPKVTGPCKASLTRYYYDKDTKACVEFIYGGCRGNRNNFKRKDECEKACTDH";54,875;1,880375;6,28874698768477;-0,082125;-0,22875;0,096125;-0,167975;-0,2150875;-0,0811875;0,084625;0,0859875;0,011775;0,054125;9,05459559497136;9274,76484
"148";">DRAMP18098_In";"MALALLGLTIKPEHVPEGTGKAVADVEALACDPAQCMRSCPFNPFLNQYGGICKNGQCVCVKPS";82,34375;0,5009375;0,0910157230921981;-0,318125;-0,3934375;0,046875;-0,132328125;-0,071078125;-0,36484375;0,2918125;0,179921875;-0,144921875;-0,105625;7,03960514650438;6706,88264
"149";">DRAMP18099_In";"ECAAKNKRCADWAGPWCCEGLYCSCRSYPGCMCRPNS";21,3513513513514;1,88459459459459;1,86607932048842;-0,133513513513514;-0,312972972972973;0,164864864864865;-0,0691891891891892;-0,23027027027027;-0,451486486486486;-0,259216216216216;-0,0424054054054054;-0,0275135135135135;-0,0881081081081081;7,96166436289943;4120,74954
"150";">DRAMP18100_In";"GCVGENQQCADWAGPHCCSGYYCTCRYFPKCICRKDS";23,7837837837838;1,76945945945946;1,06369702011826;-0,0878378378378379;-0,330810810810811;0,111351351351351;-0,0868108108108108;-0,321;-0,401486486486486;-0,313648648648649;-0,208837837837838;0,0462432432432433;-0,0605405405405405;7,63456675809593;4153,71774
"151";">DRAMP18105_In";"ECVGENGHCRSWYNDCCDGYYCSCMQPPNCICRNNN";18,8888888888889;2,54055555555556;-1,93235477320987;0,0622222222222222;-0,356111111111111;0,0175;-0,180277777777778;-0,406361111111111;-0,407138888888889;-0,52275;-0,243138888888889;-0,106027777777778;-0,0208333333333333;4,53819856913395;4152,57474
"152";">DRAMP18106_In";"IFECVFSCDIKKEGKPCKPKGEKKCTGGWRCKIKLCLKI";67,4358974358974;1,33974358974359;6,88786802171327;-0,133589743589744;-0,21974358974359;0,203846153846154;-0,156948717948718;0,0295128205128205;-0,175487179487179;0,075051282051282;-0,0734358974358974;0,189794871794872;0,145897435897436;9,57418376312134;4446,49134
"153";">DRAMP18109_In";"SDCTLRNHDCTDDRHSCCRSKMFKDVCTCFYPSQAKKELCTCQQPKHLKYIEKGLQKAKDYAT";40,3174603174603;2,80539682539683;4,4695697100136;0,132698412698413;-0,288253968253968;0,117619047619048;-0,272984126984127;0,0636666666666666;-0,213650793650794;-0,0880634920634921;-0,0433809523809524;0,15684126984127;0,274285714285714;8,4026935789254;7350,43094
"154";">DRAMP18110_In";"SSVCIPSGQPCPYNEHCCSGSCTYKENENGNTVQRCD";26,2162162162162;2,45513513513514;-1,90978843267289;0,0781081081081081;-0,465945945945946;0,0767567567567567;-0,348702702702703;-0,425216216216216;-0,543405405405405;-0,194405405405405;0,00118918918918918;-0,0832972972972973;0,141891891891892;4,5806615565971;4011,34604
"155";">DRAMP18111_In";"GGCIKWNHSCQTTTLKCCGKCVVCYCHTPWGTNCRCDRTRLFCTED";38,0434782608696;1,91934782608696;3,24624510218704;-0,0191304347826087;-0,307391304347826;0,166739130434783;-0,0583260869565217;-0,190413043478261;-0,376108695652174;-0,301282608695652;-0,253195652173913;0,247717391304348;0,0178260869565217;8,08958761098412;5233,06184
"156";">DRAMP18112_In";"CMGYDIHCTDRLPCCFGLECVKTSGYWWYKKTYCRRKS";38,4210526315789;1,88552631578947;4,08169410192867;-0,00973684210526316;-0,161842105263158;0,156315789473684;-0,0486052631578947;-0,153578947368421;-0,0497894736842105;-0,208868421052632;-0,239210526315789;0,250368421052632;-0,00605263157894738;8,6037123509892;4602,39524
"157";">DRAMP18113_In";"ACVGDGQRCASWSGPYCCDGYYCSCRSMPYCRCRNNS";13,2432432432432;2,35567567567568;1,85956159871151;-0,0624324324324324;-0,340540540540541;0,187567567567568;-0,119324324324324;-0,482864864864865;-0,463081081081081;-0,334324324324324;-0,245216216216216;0,102918918918919;-0,0567567567567568;7,95840128740215;4123,62314
"158";">DRAMP18117_In";"KECMTDGTVCYIHNHNDCCGSCLCSNGPIARPWEMMVGNCMCGPKA";42,3913043478261;1,12847826086957;-0,730382659887371;-0,189565217391304;-0,398260869565217;0,0917391304347826;-0,0539565217391304;-0,210347826086956;-0,477717391304348;-0,224217391304348;-0,0900217391304348;-0,146782608695652;-0,116304347826087;6,44661059083151;4981,80374
"159";">DRAMP18118_In";"AECMVDETVCYIHNHNNC";59,4444444444444;1,84944444444444;-2,68107081300271;0,0566666666666667;-0,398333333333333;-0,0927777777777778;-0,240111111111111;0,165833333333333;-0,312055555555556;-0,381777777777778;-0,2625;-0,101944444444444;0,0272222222222222;4,41653212700869;2095,32194
"160";">DRAMP18119_In";"ADCVGDGQRCADWAGPYCCSGYYCSCRSMPYCRCRSDS";15,5263157894737;2,35552631578947;-0,13844039929049;-0,0765789473684211;-0,368421052631579;0,137105263157895;-0,125947368421053;-0,4225;-0,485657894736842;-0,277342105263158;-0,222368421052632;0,0235263157894737;-0,0623684210526316;6,05139388966271;4196,67154
"161";">DRAMP18121_In";"ADCVGDGQKCADWFGPYCCSGYYCSCRSMPYCRCRSDS";12,8947368421053;2,07815789473684;-0,138828348134793;-0,0789473684210526;-0,349736842105263;0,113947368421053;-0,102736842105263;-0,431289473684211;-0,430026315789474;-0,297131578947368;-0,226789473684211;-0,00242105263157893;-0,0973684210526316;6,05128131503222;4244,75594
"162";">DRAMP18122_In";"SCVGEYGRCRSAYEDCCDGYYCNCSQPPYCLCRNNN";21,6666666666667;2,63861111111111;-1,13512278402097;0,0444444444444444;-0,350833333333333;0,0605555555555555;-0,197638888888889;-0,42375;-0,397083333333333;-0,347;-0,215694444444444;-0,00169444444444442;0,00611111111111111;4,54417798893611;4110,51674
"163";">DRAMP18126_In";"ECATKNKRCADWAGPWCCDGLYCSCRSYPGCMCRPSS";18,6486486486486;1,96702702702703;1,86392601230416;-0,106216216216216;-0,325945945945946;0,181081081081081;-0,0603783783783784;-0,311648648648649;-0,464324324324324;-0,271513513513514;-0,0438918918918919;0,00640540540540542;-0,0840540540540541;7,96161789018805;4109,72334
"164";">DRAMP18127_In";"ECVPENGHCRDWYDECCEGFYCSCRQPPKCICRNNN";18,8888888888889;3,02888888888889;-1,92545910248865;0,0888888888888889;-0,293888888888889;-0,0230555555555556;-0,262805555555556;-0,227555555555556;-0,340138888888889;-0,504638888888889;-0,0355833333333333;-0,0350277777777778;0,0663888888888889;4,76286049315364;4272,75434
"165";">DRAMP18141_In";"PSPPGFSPFR";0;1,482;0,940797521201594;-0,42;-0,265;0,118;-0,1558;-1,1101;-0,2882;0,1501;1,4315;-0,3016;-0,331;10,5499991946977;1088,23104
"166";">DRAMP18142_In";"EAPPGFSPFR";10;1,642;-0,0560501696151463;-0,382;-0,273;0;-0,1798;-0,6007;-0,2609;0,2647;1,092;-0,3743;-0,208;6,41013912425224;1104,23044
"167";">DRAMP18143_In";"EELEAKDVIESKALATLDEER";102,380952380952;2,91142857142857;-5,03908651918945;0,13952380952381;-0,396190476190476;-0,196190476190476;-0,514619047619048;0,694904761904762;-0,191285714285714;0,658190476190476;0,15047619047619;-0,311857142857143;0,460952380952381;3,90256248310332;2388,61104
"168";">DRAMP18144_In";"YCQKWMWTCDAERKCCEDMACELWCKKRL";33,7931034482759;2,25275862068966;0,890245714279095;0,0631034482758621;-0,12;0,0175862068965517;-0,0735172413793104;0,409793103448276;-0,0463793103448276;-0,394206896551724;-0,234344827586207;0,130413793103448;0,0562068965517241;7,73175713448681;3661,35614
"169";">DRAMP18145_In";"ECGGLMTRCDGKTTFCCSGMNCSPTWKWCVYAP";23,6363636363636;0,935151515151515;0,883747992302184;-0,187272727272727;-0,339090909090909;0,140909090909091;0,0206666666666667;-0,312787878787879;-0,413545454545455;-0,183242424242424;-0,116515151515152;-0,0291818181818182;-0,163030303030303;7,73230984473414;3637,24444
"170";">DRAMP18146_In";"DCLGQWASCEPKNSKCCPNYACTWKYPWCRYRA";20,9090909090909;1,95969696969697;2,88134204165988;-0,00909090909090911;-0,2;0,129090909090909;-0,0996969696969697;-0,231515151515152;-0,165030303030303;-0,316666666666667;0,00136363636363635;0,0553333333333333;-0,0606060606060606;8,37223836691181;3932,51464
"171";">DRAMP18148_In";"ATCAGQDQTCKVTCDCCGERGECVCGGPCICRQGNFLIAWYKLASCKK";52,9166666666667;1,22625;1,8474894446998;-0,18625;-0,386458333333333;0,129166666666667;-0,0661458333333333;-0,107104166666667;-0,4931875;-0,0405833333333333;-0,264895833333333;0,0709375;-0,00979166666666668;7,85274765586763;5122,98414
"172";">DRAMP18149_In";"DCGHLHDPCPNDRPGHRTCCIGLQCRYGKCLVRV";62,9411764705882;2,38411764705882;2,48524166090053;-0,110882352941176;-0,303235294117647;0,135;-0,182294117647059;-0,281911764705882;-0,372294117647059;-0,181323529411765;0,0233235294117647;0,151176470588235;0,0108823529411765;8,1325071236834;3823,43734
"173";">DRAMP01272_In";"ATCAGQDQPCKETCDCCGERGECVCGGPCICRQGYFWIAWYKLANCKK";38,75;1,38479166666667;0,849642752884054;-0,153125;-0,337708333333333;0,0814583333333333;-0,0645625;-0,147916666666667;-0,412895833333333;-0,157395833333333;-0,21975;-0,0104791666666666;-0,0360416666666667;7,5057990365342;5298,13024
"174";">AFP_1";"AATAATAATAAT";66,6666666666667;-0,35;-0,0591924788984054;-0,506666666666667;-0,72;0,33;0,127333333333333;0,397333333333333;-0,876;1,03833333333333;0,081;-0,207666666666667;0,03;6,09998232888297;991,06604
"175";">AFP_2";"AATAATPATAATPA";57,1428571428571;-0,3;-0,0591924788984054;-0,55;-0,674285714285714;0,272857142857143;0,051;0,0494285714285714;-0,831428571428571;0,871714285714286;0,619;-0,336285714285714;-0,0814285714285714;6,09998232888297;1185,29944
"176";">AFP_3";"AATAATPATAATPARA";56,25;0,556875;0,940797521201594;-0,49125;-0,598125;0,32;-0,01925;0,1181875;-0,7583125;0,8289375;0,5423125;-0,16125;0,02875;10,5499991946977;1412,56574
"177";">AFP_4";"ANQASVVANQLIPIQTALTLVMMRSEVVTPVGIPAEDIPRLVSMQVNRAVPLGTTLMPDMVKGYAA";115,151515151515;0,424090909090909;-0,0523168079771922;-0,34;-0,373787878787879;0,0221212121212121;-0,23069696969697;0,0822272727272727;-0,202212121212121;0,506909090909091;0,280318181818182;0,0154090909090909;-0,0381818181818182;6,62030670052522;6989,29964
"178";">AFP_5";"CKGADGAHGVNGCPGTAGAAGSVGGPGCDGGHGGNGGNGNPGCAGGVGGAGGASGGTGVGGRGGKGGSGTPKGADGAPGA
P";27,9012345679012;0,438888888888889;1,30451673539585;-0,512716049382716;-0,740493827160494;0,32037037037037;-0,302851851851852;-1,09875308641975;-1,09287654320988;0,669864197530864;-0,304024691358025;-0,606567901234568;-0,0350617283950617;7,95105463418466;6483,81104
"179";">AFP_6";"CRAVGVDGRAVTDIQGTCHAKATGAGAMASGTSEPGSTSTATATGRGATARSTSTGRGTATTTATGTASATSNAIGQGTATTTATGSAGGRATGSATTSSSASQPTQTQTITGPGFQTAKSFARNTATTTVTAS";36,7910447761194;1,71820895522388;6,12604996420932;-0,132388059701493;-0,594776119402985;0,314925373134328;-0,20360447761194;-0,35805223880597;-0,717216417910448;0,569619402985075;-0,0711417910447761;0,0145820895522388;0,262014925373134;11,8072743838325;12542,40524
"180";">AFP_7";"CTRSTNCYKAKTA";15,3846153846154;2,90230769230769;2,91920064251596;0,132307692307692;-0,347692307692308;0,422307692307692;-0,220461538461538;-0,0606153846153846;-0,411846153846154;-0,0245384615384615;-0,219230769230769;0,476384615384615;0,399230769230769;9,49700882218928;1446,65944
"181";">AFP_8";"DEQPNTISGSNNTVRSGSKNVLAGNDNTVISGDNNSVSGSNNTVVSGNDNTVTGSNHVVSGTNHIVTDNNNNVSGNDNNVSGSFHTVSGGHNTVSGSNNTVSGSNHVVSGSNKVVTDA";61,6101694915254;2,37669491525424;-4,04605301554524;0,0788135593220339;-0,603728813559322;0,146440677966102;-0,635915254237288;-0,554322033898305;-0,568127118644068;0,360025423728814;-0,26128813559322;-0,137542372881356;0,304406779661017;5,33532440148138;11766,11144
"182";">AFP_9";"DTASDAAAAAALTAANAKAAAELTAANAAAAAAATAR";83,2432432432432;0,546216216216216;-1,05445011636145;-0,429459459459459;-0,635945945945946;0,209189189189189;-0,0551621621621622;0,488216216216216;-0,727135135135135;0,992675675675676;0,0440810810810811;-0,378216216216216;0,0678378378378378;4,37041725390566;3242,50694
"183";">AFP_10";"ETPREKLKQHSDACKAESGVSEESLNKVRNREEVDDPKLKEHAFCILKRAGFIDASGEFQLDHIKTKFKENSEHPEKVDD
LVAKCAVKKDTPQHSSADFFKCVHDNRS";58,7037037037037;2,99407407407407;-0,852437896291281;0,11787037037037;-0,338240740740741;0,032037037037037;-0,51512962962963;0,182018518518518;-0,212537037037037;0,237314814814815;0,0791388888888889;-0,0405925925925926;0,377314814814815;6,78374085182827;12308,73974
"184";">AFP_11";"GSMNAPARAAAKTAADALAAAKKTAADAAAAAAAA";71,1428571428571;0,513428571428571;1,94160167696668;-0,484;-0,594857142857143;0,283714285714286;-0,106657142857143;0,399371428571429;-0,712942857142857;0,925914285714286;0,0928857142857143;-0,345828571428571;0,0762857142857143;10,5006143502266;3083,46984
"185";">AFP_12";"ITSISLCTPGCKTGALMGCNMKTATCHCSIHVSK";71,7647058823529;0,378823529411765;3,29162874219983;-0,228823529411765;-0,432352941176471;0,280588235294118;0,115852941176471;-0,111352941176471;-0,506352941176471;0,0871764705882353;-0,1005;0,120235294117647;-0,0614705882352941;8,51764475202618;3498,20064
"186";">AFP_13";"KGADGAHGVNGCPGTAGAAGSVGGPGCDGGHGGNGGNGNPGCAGGVGGAGGASGGTGVGGRGGKGGSGTPKGADGAPGAP";28,25;0,460375;1,31441772549486;-0,51225;-0,743875;0,322;-0,3191;-1,11275;-1,0888;0,7042375;-0,2978375;-0,620425;-0,022375;8,07342194897727;6380,67224
"187";">AFP_14";"MDGETPAQKAARLAAAAAALAAKTAADAAAKAAAIAAAAA";89,25;0,12525;0,944753986149941;-0,52925;-0,56425;0,212;-0,027825;0,5415;-0,63415;0,969475;0,1167;-0,346075;0,02575;9,43989558553885;3579,08924
"188";">AFP_15";"MNAPARAAAKTAADALAAAKKTAADAAAAAAAA";75,4545454545455;0,47;1,94160167696668;-0,499090909090909;-0,575757575757576;0,268787878787879;-0,0919090909090909;0,516484848484849;-0,673272727272727;0,927151515151515;0,131242424242424;-0,33;0,073030303030303;10,5006143502266;2939,33974
"189";">AFP_16";"MNGETPAQKAARLAAAAALAAKTAADAAAKAAAKAAAIAAAAASA";86;0,143333333333333;2,94335703640664;-0,516;-0,561111111111111;0,266666666666667;-0,0463333333333333;0,518955555555556;-0,645133333333333;0,969622222222222;0,0987333333333333;-0,297711111111111;0,052;10,7943609673641;4006,59314
"190";">AFP_17";"MNKASVVANQLIPINTALTLIMMKAEVVTPMGIPAEEIPNLVGMQVNRAVPLGTTLMPDMVKNYEDGTTSPGLK";102,702702702703;0,463243243243243;-1,04718603604358;-0,286486486486487;-0,381891891891892;0,02;-0,196405405405405;0,0091756756756757;-0,208540540540541;0,455027027027027;0,269067567567568;-0,128337837837838;-0,010945945945946;4,77281162027768;7880,36164
"191";">AFP_18";"NKASVVANQLIPINTALTLIMMKAEVVTPMGIPAEEIPKLVGMQVNRAVPLGTTLMPDMVKNYE";112,65625;0,30515625;-0,0481850370425855;-0,3115625;-0,349375;0,00875;-0,202140625;0,122046875;-0,144140625;0,463421875;0,285625;-0,06890625;-0,01890625;6,68712432951911;6906,30834
"192";">AFP_19";"QCTGGADCTSCTGACTGCGNCPNAVTCTNSQHCVKANTCTGSTDCNTAQTCTNSKDCFEANTCTDSTNCYKATACTNSSG
CPGH";16,4285714285714;1,8825;-1,81113283670901;-0,00250000000000001;-0,583690476190476;0,194166666666667;-0,153642857142857;-0,393285714285714;-0,783357142857143;-0,100357142857143;-0,221916666666667;-0,0623928571428571;0,116428571428571;5,43363353211625;8384,06764
"193";">AFP_20";"QCTGGADCTSCTGACTGCGNCPNAVTCTNSQHCVKANTCTGSTDCNTAQTCTNSKDCFEANTCTDSTNCYKATACTNSSGCPGH";16,4285714285714;1,8825;-1,81113283670901;-0,00250000000000001;-0,583690476190476;0,194166666666667;-0,153642857142857;-0,393285714285714;-0,783357142857143;-0,100357142857143;-0,221916666666667;-0,0623928571428571;0,116428571428571;5,43363353211625;8384,06764
"194";">AFP_21";"QRAGPNCPAGWQPLGDRCIYYETTAMTWALAETNCMKLGGHLASIHSQEEHSFIQTLNAGVVWIGGSACLQAGAWTWSDG
TPMNFRSWCSTKPDDVLAACCMQMTAAADQCWDDLPCPASHKSVCAMTF";58,4496124031008;0,951395348837209;-4,33878194844097;-0,183023255813953;-0,367751937984496;0,0403875968992248;-0,0294573643410853;-0,0643488372093023;-0,312186046511628;0,141860465116279;0,019062015503876;-0,178472868217054;-0,10077519379845;4,94922002778532;13992,86804
"195";">AFP_22";"SQSVVATQLIPMNTALTPAMMEGKVTNPIGIPFAEMSQLVGKQVNTPVAKGQTLMPNMVKTYAA";85,3125;0,3465625;1,94452134349189;-0,28890625;-0,391875;0,06984375;-0,20725;-0,00607812499999997;-0,248421875;0,42034375;0,265234375;-0,051609375;0,01;10,02741952169;6746,99324
"196";">AFP_23";"SVVANQLIPINTALTLVMMKAEEVSPKGIPAEEIPKLVGMQVNRAVYLDQTLMPDMVKNYEK";108,387096774194;0,773064516129032;-1,04543067660363;-0,211451612903226;-0,328387096774194;-0,0269354838709677;-0,305629032258065;0,183806451612903;-0,0881290322580645;0,436838709677419;0,244112903225806;-0,057241935483871;0,0651612903225806;4,85484801048992;6871,15804
"197";">AFP_24";"TGNVGLSPGLSTALTGFTLVPVEDH";101,2;0,1424;-1,85428115980304;-0,308;-0,5024;0,0476;-0,1768;-0,34876;-0,42084;0,69908;0,19724;-0,24776;-0,1204;4,18118336497471;2482,77284
"198";">AFP_25";"VKGRIDAPDFPSSPAILGKAATDVVAAWKS";88;0,852333333333333;0,942600677965682;-0,309666666666667;-0,416;0,121;-0,2949;-0,126733333333333;-0,315766666666667;0,589766666666667;0,241133333333333;-0,149933333333333;0,00866666666666666;9,43989248144954;3068,52304
"199";">AFP_26";"VSGTSSTEEVVQVEARRLWNAT";79,5454545454545;2,38136363636364;-1,04975555114863;0,0368181818181818;-0,400909090909091;0,0595454545454545;-0,593181818181818;0,142136363636364;-0,289818181818182;0,479590909090909;-0,0515454545454546;0,189045454545455;0,333636363636364;4,47944342119557;2419,63364
"200";">AFP_27";"CATAATAATAAT";58,3333333333333;-0,305833333333333;-0,0690934689974153;-0,4725;-0,695833333333333;0,32;0,193166666666667;0,330666666666667;-0,910166666666667;0,749416666666667;0,00916666666666666;-0,115833333333333;-0,035;5,92253937403293;1023,12604
"201";">CAP1";"MSQRQSGTVKWFNDEKGFGFITPQGGGDDLFVHFKAIESDGFKSLKEGQTVSFVAEKGQKGMQA";47,1875;1,6653125;0,155377129633606;-0,08625;-0,35796875;0,02765625;-0,328546875;-0,112625;-0,22259375;0,373265625;-0,138890625;-0,136046875;0,18484375;7,54576753989398;7015,84794
"202";">CAP2";"MSNRQNGTVKWFNDEKGFGFITPESGPDLFVHFRAIEGNGFKSLKEGQKVSFIAVQGQKGMQADQVQILG";64;1,54171428571429;1,15476607747891;-0,121142857142857;-0,327714285714286;0,00985714285714286;-0,292028571428571;-0,105571428571429;-0,1612;0,358628571428571;-0,0937142857142857;-0,095;0,141142857142857;9,27647573798756;7746,75904
"203";">CAP3";"MATRQTGTVKWFNEVKGFGFITPESGADVFVHFRQIEASGYKSLDEGQRVSFFVTAGAKGPQAEQVQAL";62,1739130434783;1,38971014492754;0,156706282252776;-0,161594202898551;-0,340724637681159;0,0228985507246377;-0,30968115942029;-0,0120289855072464;-0,190260869565217;0,425666666666667;-0,0368840579710145;-0,0119855072463768;0,120579710144928;7,54242302621327;7554,48024
"204";">CPP_1044";"GWTLNSAGYLLGKINLKALAALAKKIL";148,518518518519;-0,625555555555556;3,93821672512538;-0,385185185185185;-0,276666666666667;0,195925925925926;0,183259259259259;0,170222222222222;-0,0391481481481481;0,927407407407407;-0,108037037037037;-0,101296296296296;-0,138148148148148;10,8659940532337;2841,47604
"205";">CPP_1046";"GWTLNSAGYLLGKFLPLILRKIVTAL";153,846153846154;-0,720384615384615;2,93900262271398;-0,423076923076923;-0,199230769230769;0,111923076923077;0,2445;0,0252307692307692;0,0975;0,826730769230769;0,0563846153846154;0,0221538461538462;-0,277307692307692;10,9018003846848;2858,50614
"206";">CPP_1047";"GWTLNPAGYLLGKINLKALAALAKKIL";148,518518518519;-0,751481481481482;3,93821672512538;-0,43037037037037;-0,261111111111111;0,172222222222222;0,186518518518519;0,126111111111111;-0,0200740740740741;0,901111111111111;0,0331481481481482;-0,139814814814815;-0,181481481481482;10,8659940532337;2851,51454
"207";">CPP_1048";"GWTLNPPGYLLGKINLKALAALAKKIL";144,814814814815;-0,684444444444444;3,93821672512538;-0,424814814814815;-0,247777777777778;0,158148148148148;0,163777777777778;0,0202222222222222;-0,00359259259259258;0,845;0,173296296296296;-0,15862962962963;-0,199259259259259;10,8659940532337;2877,55244
"208";">CPP_1049";"LNSAGYLLGKINLKALAALAKKIL";167,083333333333;-0,674583333333333;3,93821672512538;-0,415833333333333;-0,284583333333333;0,204166666666667;0,180875;0,305833333333333;-0,0358333333333333;1,03458333333333;-0,0462083333333333;-0,0744166666666666;-0,109583333333333;10,8659940532337;2497,10584
"209";">CPP_1050";"LLGKINLKALAALAKKIL";195,555555555556;-1,03888888888889;3,93921572612438;-0,487777777777778;-0,229444444444444;0,219444444444444;0,239666666666667;0,569666666666667;0,0475555555555556;1,14466666666667;0,0414444444444445;0,0269444444444445;-0,0983333333333334;11,2783537870744;1891,45774
"210";">CPP_1051";"GWTLNSAGYLLGKLKALAALAKKIL";144,8;-0,7444;3,93821672512538;-0,4112;-0,274;0,218;0,17732;0,19996;-0,05752;0,98812;-0,08728;-0,10228;-0,1508;10,8659940532337;2614,21284
"211";">CPP_1053";"GWTLNSKINLKALAALAKKIL";149,047619047619;-0,166666666666667;3,93921572612438;-0,294761904761905;-0,247142857142857;0,222857142857143;0,115333333333333;0,324523809523809;0,00500000000000001;0,850761904761905;-0,047;0,00714285714285716;-0,0180952380952381;11,2783537870744;2266,79864
"212";">CPP_1054";"LNSAGYLLGKLKALAALAKIL";172,380952380952;-1,11714285714286;2,93861467386968;-0,498095238095238;-0,30047619047619;0,193333333333333;0,248238095238095;0,34147619047619;-0,0726666666666667;1,15047619047619;-0,00976190476190475;-0,131666666666667;-0,208095238095238;10,6429176316797;2141,66854
"213";">CPP_1055";"LNSAGYLLGKALAALAKKIL";161,5;-0,927;2,93861467386968;-0,478;-0,317;0,215;0,20065;0,30215;-0,11145;1,1128;-0,03705;-0,1312;-0,1635;10,6429176316797;2028,50914
"214";">CPP_1056";"AGYLLGKLKALAALAKKIL";170;-1,21210526315789;3,93821672512538;-0,536315789473684;-0,255263157894737;0,247894736842105;0,217368421052632;0,442157894736842;-0,023;1,17915789473684;-0,0213684210526316;-0,0417894736842105;-0,147368421052632;10,8659940532337;1955,50124
"215";">CPP_1057";"LNSAGYLLGKLKALAALAK";149,473684210526;-0,716842105263158;2,93861467386968;-0,453684210526316;-0,331052631578947;0,23578947368421;0,131;0,289842105263158;-0,159894736842105;1,13273684210526;-0,0286842105263158;-0,160578947368421;-0,131578947368421;10,6429176316797;1915,34974
"216";">CPP_1058";"GWTLNSAGYLLGKINLKAPAALAKKIL";134,074074074074;-0,443333333333333;3,93821672512538;-0,381851851851852;-0,292592592592593;0,202222222222222;0,123740740740741;0,052962962962963;-0,0860740740740741;0,852148148148148;0,0145925925925926;-0,137111111111111;-0,125185185185185;10,8659940532337;2825,43334
"217";">CPP_1061";"KLALKLALKALKAALKLA";185;-0,975;4,93881777738007;-0,503333333333333;-0,213888888888889;0,287777777777778;0,150388888888889;0,871222222222222;0,0162222222222222;1,29527777777778;0,1825;0,0665555555555556;-0,0455555555555556;11,402903314713;1877,47434
"218";">CPP_1074";"KALAALLKKLAKLLAALK";185;-0,975;4,93881777738007;-0,503333333333333;-0,213888888888889;0,287777777777778;0,150388888888889;0,871222222222222;0,0162222222222222;1,29527777777778;0,1825;0,0665555555555556;-0,0455555555555556;11,402903314713;1877,47434
"219";">CPP_1075";"KLALKLALKALKAALK";177,5;-0,67625;4,93881777738007;-0,45;-0,195;0,319375;0,08125;0,8583125;0,037375;1,2515;0,167875;0,1211875;0,0343749999999999;11,402903314713;1693,23614
"220";">CPP_1076";"KLALKALKAALKLA";175;-0,817857142857143;3,93921572612438;-0,492857142857143;-0,232142857142857;0,310714285714286;0,106214285714286;0,8595;-0,0278571428571428;1,2705;0,165642857142857;0,0659285714285714;-0,00357142857142862;11,2783537870744;1451,90264
"221";">CPP_1078";"KLGLKLGLKGLKGGLKLG";151,666666666667;-0,685;4,93881777738007;-0,476666666666667;-0,293888888888889;0,347777777777778;0,0130555555555555;-0,142111111111111;-0,199444444444444;1,24261111111111;-0,210166666666667;-0,115444444444444;-0,00888888888888894;11,402903314713;1793,31294
"222";">CPP_1079";"KLALKLALKALQAALQLA";185;-0,976111111111111;2,93961367486868;-0,483333333333333;-0,258333333333333;0,134444444444444;0,206722222222222;0,85;-0,0203333333333333;1,20772222222222;0,196833333333333;-0,017;-0,112222222222222;11,1030807050134;1877,38754
"223";">CPP_1081";"QLALQLALQALQAALQLA";185;-0,977777777777778;-0,0591924788984054;-0,453333333333333;-0,325;-0,0955555555555556;0,291222222222222;0,818166666666667;-0,0751666666666667;1,07638888888889;0,218333333333333;-0,142333333333333;-0,212222222222222;6,09998232888297;1877,25734
"224";">CPP_1083";"LKTLATALTKLAKTLTTL";146,666666666667;-0,16;2,93961367486868;-0,226666666666667;-0,313333333333333;0,261666666666667;0,192666666666667;0,458166666666667;-0,0896666666666667;1,035;0,2;0,238166666666667;0,0816666666666666;11,1030807050134;1901,36094
"225";">CPP_1084";"LLKTTALLKTTALLKTTA";146,666666666667;-0,16;2,93961367486868;-0,226666666666667;-0,313333333333333;0,261666666666667;0,192666666666667;0,458166666666667;-0,0896666666666667;1,035;0,2;0,238166666666667;0,0816666666666666;11,1030807050134;1901,36094
"226";">CPP_1085";"LKTLTETLKELTKTLTEL";130;1,27666666666667;-0,0509293975815391;0,09;-0,276666666666667;0,045;-0,0666666666666667;0,552666666666667;0,0183333333333333;0,839333333333333;0,260166666666667;0,121;0,321666666666667;6,60777781618658;2075,47104
"227";">CPP_1086";"LLKTTELLKTTELLKTTE";130;1,27666666666667;-0,0509293975815391;0,09;-0,276666666666667;0,045;-0,0666666666666667;0,552666666666667;0,0183333333333333;0,839333333333333;0,260166666666667;0,121;0,321666666666667;6,60777781618658;2075,47104
"228";">CPP_1427";"PLSSIFSRIGDP";97,5;1,26333333333333;-0,0582034777994055;-0,258333333333333;-0,3425;0,0725;0,0386666666666667;-0,534083333333333;-0,202666666666667;0,4635;0,544083333333333;-0,1585;-0,149166666666667;6,33872489404841;1288,46604
"229";">CPP_1428";"PSSSSSSRIGDP";32,5;3,18166666666667;-0,0582034777994055;0,0683333333333333;-0,585833333333333;0,298333333333333;-0,416;-0,908916666666667;-0,70975;0,391333333333333;0,5235;-0,198083333333333;0,230833333333333;6,33872489404841;1176,20524
"230";">CPP_1430";"VELPPPVELPPPVELPPP";113,333333333333;-0,358333333333333;-3,04973555134863;-0,565;-0,356666666666667;-0,263333333333333;-0,450333333333333;-0,508833333333333;-0,220166666666667;0,459833333333333;2,04533333333333;-0,621666666666667;-0,43;3,47281444278972;1916,28804
"231";">CPP_1486";"MANLGYWLLALFVTMWTDVGLCKKRPKP";97,5;0,0146428571428571;2,92970268486967;-0,328214285714286;-0,155357142857143;0,0728571428571429;0,0285;0,0595357142857143;0,0934285714285714;0,364214285714286;0,123607142857143;0,00482142857142858;-0,230357142857143;10,1309870468809;3252,98764
"232";">CPP_1487";"MANLGCWMLVLFVATWSDLGLCKKRPKP";97,5;-0,00642857142857145;2,92080069576966;-0,358571428571429;-0,193571428571429;0,0939285714285714;0,0358214285714286;0,07675;-0,0366071428571428;0,315642857142857;0,121964285714286;-0,0106071428571428;-0,255357142857143;9,66614565327768;3178,92354
"233";">CPP_1502";"GALFLAFLAAALSLMGLWSQPKKKRRV";115,925925925926;0,137037037037037;4,93959367506868;-0,415925925925926;-0,179259259259259;0,181851851851852;0,0674444444444444;0,294740740740741;0,0010740740740741;0,757111111111111;0,131814814814815;0,0856666666666667;-0,140740740740741;12,5460704045918;2973,66214
"234";">CPP_1509";"VRLPPP";113,333333333333;0,993333333333333;0,940797521201594;-0,588333333333333;-0,161666666666667;0,0666666666666667;-0,430333333333333;-0,677166666666667;-0,074;0,369666666666667;1,966;0,0501666666666667;-0,313333333333333;10,5499991946977;677,84484
"235";">CPP_1510";"VRLPPPVRLPPP";113,333333333333;0,993333333333333;1,94078752130159;-0,588333333333333;-0,161666666666667;0,0666666666666667;-0,430333333333333;-0,677166666666667;-0,074;0,369666666666667;1,966;0,0501666666666667;-0,313333333333333;12,5000711634761;1337,67444
"236";">CPP_1512";"VHLPPP";113,333333333333;-0,716666666666667;0,141567530014696;-0,61;-0,285;-0,0366666666666667;-0,2705;-0,663333333333333;-0,164;0,189833333333333;1,97483333333333;-0,376333333333333;-0,578333333333333;7,55032539329828;658,79844
"237";">CPP_1513";"VHLPPPVHLPPP";113,333333333333;-0,716666666666667;0,342327538927798;-0,61;-0,285;-0,0366666666666667;-0,2705;-0,663333333333333;-0,164;0,189833333333333;1,97483333333333;-0,376333333333333;-0,578333333333333;7,71435533942115;1299,58164
"238";">CPP_1514";"VHLPPPVHLPPPVHLPPP";113,333333333333;-0,716666666666667;0,5430875478409;-0,61;-0,285;-0,0366666666666667;-0,2705;-0,663333333333333;-0,164;0,189833333333333;1,97483333333333;-0,376333333333333;-0,578333333333333;7,81098745425728;1940,36484
"239";">CPP_1515";"VKLPPP";113,333333333333;-0,568333333333333;0,94040957235729;-0,621666666666667;-0,25;0,0683333333333333;-0,456666666666667;-0,644833333333333;-0,1125;0,479833333333333;1,9465;-0,211666666666667;-0,341666666666667;9,70001568333414;649,83144
"240";">CPP_1516";"VKLPPPVKLPPP";113,333333333333;-0,568333333333333;1,94001162361298;-0,621666666666667;-0,25;0,0683333333333333;-0,456666666666667;-0,644833333333333;-0,1125;0,479833333333333;1,9465;-0,211666666666667;-0,341666666666667;10,8053935283569;1281,64764
"241";">CPP_1517";"VKLPPPVKLPPPVKLPPP";113,333333333333;-0,568333333333333;2,93961367486868;-0,621666666666667;-0,25;0,0683333333333333;-0,456666666666667;-0,644833333333333;-0,1125;0,479833333333333;1,9465;-0,211666666666667;-0,341666666666667;11,1030807050134;1913,46384
"242";">CPP_1522";"DPKGDPKGVTVTVTVTVTGKGDPKPD";55,7692307692308;1,76807692307692;-0,0567882698796208;-0,129230769230769;-0,542692307692308;0,108846153846154;-0,769538461538462;-0,616961538461538;-0,499269230769231;0,456576923076923;0,332923076923077;-0,129269230769231;0,290384615384615;6,57279676611409;2608,92894
"243";">CPP_1541";"WEAKLAKALAKALAKHLAKALAKALKACEA";118;0,0759999999999999;5,13518551707207;-0,355333333333333;-0,296666666666667;0,246333333333333;-0,0384;0,793566666666667;-0,1997;0,865933333333333;0,0676333333333333;-0,0754;0,0686666666666666;10,6788392899124;3131,86004
"244";">CPP_1543";"MGLGLHLLVLAAALQGAKKKRKV";144,347826086957;-0,11695652173913;5,13996573513748;-0,43695652173913;-0,263913043478261;0,256086956521739;-0,0996521739130435;0,40604347826087;-0,124478260869565;0,910434782608696;-0,0476086956521739;0,132913043478261;0,0156521739130435;11,9973907111723;2416,05604
"245";">CPP_1546";"GLFKALLKLLKSLWKLLLKA";185,5;-1,15;4,93881777738007;-0,414;-0,0545;0,1735;0,2835;0,5903;0,3202;1,1;0,11135;0,08535;-0,234;11,402903314713;2296,99784
"246";">CPP_1807";"AGYLLGKINLKALAALAKKIL";172,380952380952;-1,0147619047619;3,93821672512538;-0,490952380952381;-0,26047619047619;0,216666666666667;0,221190476190476;0,380857142857143;-0,00266666666666665;1,08290476190476;-0,0543333333333333;-0,0462857142857143;-0,131428571428571;10,8659940532337;2182,76444
"247";">CPP_1828";"KLALKLALKALKAALKLAGC";166,5;-0,9885;4,92891678728106;-0,5245;-0,266;0,293;0,17495;0,6742;-0,13915;1,1232;0,06855;0,0277;-0,1015;10,9788142921786;2037,66504
"248";">CPP_2149";"AGYLLGKINLKALAALAKKILGGC";150,833333333333;-1,01958333333333;3,92831573502637;-0,525833333333333;-0,330833333333333;0,238333333333333;0,218;0,149208333333333;-0,199458333333333;0,963291666666667;-0,17375;-0,115083333333333;-0,172083333333333;10,4889603488849;2400,00704
"249";">CPP_2197";"LLKLLKKLLKLLKKLLKLL";246,315789473684;-1,06263157894737;6,93802187989146;-0,347368421052632;0,0557894736842105;0,216842105263158;0,246894736842105;0,923157894736842;0,549;1,32521052631579;0,276263157894737;0,337210526315789;-0,068421052631579;11,5786782541497;2273,14674
"250";">CPP_2199";"FLKLLKKFLKLFKKLLKLF";164,210526315789;-0,654210526315789;6,93802187989146;-0,336842105263158;0,150526315789474;0,145263157894737;0,256789473684211;0,747368421052632;0,682263157894737;0,918894736842105;0,165947368421053;0,363736842105263;-0,137894736842105;11,5786782541497;2409,21554
"251";">CPP_2408";"GLKKLARLFHKLLKLGC";143,529411764706;0,253529411764706;5,13006474503847;-0,332352941176471;-0,0970588235294118;0,283529411764706;0,129058823529412;0,387764705882353;0,0850588235294118;0,750588235294118;-0,0273529411764706;0,251411764705882;-0,0423529411764706;11,2491190995948;1938,49464
"252";">CPP_2411";"GLKKLAELAHKLLKLGC";149,411764705882;-0,154705882352941;3,13322705412173;-0,330588235294118;-0,238823529411765;0,219411764705882;0,0608235294117647;0,478235294117647;-0,104470588235294;0,865529411764706;0,00364705882352942;-0,0201176470588235;-0,0152941176470589;10,3413033882486;1835,32484
"253";">CPP_2439";"AGYLLGKTNLKALAALAKKIL";153,809523809524;-0,658095238095238;3,93821672512538;-0,427142857142857;-0,288571428571429;0,242857142857143;0,147095238095238;0,333904761904762;-0,0702380952380952;1,06419047619048;-0,0394285714285714;-0,0391428571428571;-0,0647619047619048;10,8659940532337;2170,71014
"254";">CPP_2568";"LGTYTQDFNKFHTFPQTAIGVGAP";52,9166666666667;0,742083333333333;0,141169581270392;-0,20875;-0,355833333333333;0,0233333333333333;-0,0585416666666667;-0,343708333333333;-0,170458333333333;0,338333333333333;0,133708333333333;-0,133708333333333;-0,055;7,54147297940812;2610,90854
"255";">CPP_2571";"GLFRALLRLLRSLWRLLLRA";185,5;1,1925;4,94075752160159;-0,364;0,078;0,171;0,323;0,5418;0,37795;0,93475;0,1406;0,4781;-0,1915;13,1020606396752;2437,06484
"256";">CPP_2573";"KKALLALALHHLAHLALHLALALKKA";180,769230769231;-0,878461538461538;4,74225576177678;-0,446153846153846;-0,223846153846154;0,213846153846154;0,270307692307692;0,845384615384615;7,69230769230887e-05;0,993846153846154;0,199692307692308;-0,0348461538461538;-0,201538461538462;11,2783491719968;2779,50044
"257";">CPP_2804";"AYLLGKINLKALAALAKKIL";181;-1,0185;3,93821672512538;-0,4715;-0,2235;0,203;0,2425;0,51085;0,08;1,0756;-0,00129999999999999;0,00870000000000002;-0,13;10,8659940532337;2125,71254
"258";">CPP_2853";"KKALLAHALHLLALLALHLAHALKKA";180,769230769231;-0,878461538461538;4,74225576177678;-0,446153846153846;-0,223846153846154;0,213846153846154;0,270307692307692;0,845384615384615;7,69230769230887e-05;0,993846153846154;0,199692307692308;-0,0348461538461538;-0,201538461538462;11,2783491719968;2779,50044
"259";">CPP_2856";"FFKKLALHALHLLALLWLHLAHLALKK";177,407407407407;-1,13407407407407;4,74225576177678;-0,417037037037037;-0,0574074074074074;0,102222222222222;0,40537037037037;0,783555555555556;0,313814814814815;0,821148148148148;0,176037037037037;0,0127037037037037;-0,368888888888889;11,2783491719968;3159,98984
"260";">CPP_2858";"KHKLLHLLHLLALLWLHLLHLLKHK";206,8;-0,7176;5,14377577960299;-0,2472;0,0148;0,1176;0,37932;0,81856;0,4478;0,70676;0,22204;0,11316;-0,3064;11,2783752493794;3081,92244
"261";">CapA_IB20(SH6)_1";"NRQTGT";0;5,21666666666667;0,940797521201594;0,386666666666667;-0,42;0,31;-0,5645;-0,549833333333333;-0,472;0,121833333333333;-0,252;0,422666666666667;0,813333333333333;10,5499991946977;675,69934
"262";">CapA_IB20(SH6)_2";"VKW";96,6666666666667;-0,273333333333333;0,94040957235729;-0,113333333333333;0,223333333333333;0,13;-0,625;0,347333333333333;0,794333333333333;-0,000333333333333352;-0,402666666666667;0,605;-0,09;9,70001568333414;431,53514
"263";">CapA_IB20(SH6)_3";"NDEKGF";0;3,96666666666667;-1,05543911746045;0,271666666666667;-0,403333333333333;-0,176666666666667;-0,666833333333333;-0,224833333333333;-0,234666666666667;0,196166666666667;-0,274333333333333;-0,612333333333333;0,483333333333333;4,18439118272939;708,72574
"264";">CapA_IB20(SH6)_4";"ITPQGGGDDL";78;1,289;-2,0571944769004;-0,211;-0,614;-0,103;-0,1806;-0,7988;-0,5842;0,5733;0,0401;-0,6802;0,025;3,49190139552683;972,01944
"265";">CapA_IB20(SH6)_5";"VHF";96,6666666666667;-0,786666666666667;0,141567530014696;-0,393333333333333;-0,02;-0,116666666666667;-0,118333333333333;0,433;0,447;-0,135666666666667;-0,072;0,397333333333333;-0,516666666666667;7,55032539329828;401,46554
"266";">CapA_IB20(SH6)_6";"KAIES";98;1,806;-0,0564381184594501;0,01;-0,414;0,142;-0,3;0,494;-0,271;0,6498;0,0314;-0,0774;0,45;6,40878378972325;546,62124
"267";">CapA_IB20(SH6)_7";"DGF";0;1,6;-1,0581934778994;-0,243333333333333;-0,47;-0,363333333333333;-0,0853333333333333;-0,79;-0,301333333333333;0,342666666666667;-0,454;-0,974333333333333;-0,26;3,74997247561585;337,33234
"268";">CapA_IB20(SH6)_8";"KEGQT";0;3,906;-0,0564381184594501;0,368;-0,476;0,098;-0,7706;-0,0656;-0,4772;0,3322;-0,1566;-0,062;0,888;6,40878378972325;561,59254
"269";">CapA_IB20(SH6)_9";"VAEKGQKGMQAAQ";45,3846153846154;1,60230769230769;0,943163932796245;-0,152307692307692;-0,455384615384615;0,12;-0,538307692307692;0,276230769230769;-0,458153846153846;0,480461538461538;-0,176692307692308;-0,084076923076923;0,431538461538462;9,53731537393642;1345,53644
"270";">CapB_IB20(SH10)_1";"ITPQS";78;1,318;-0,0591924788984054;-0,032;-0,442;0,062;-0,058;-0,4836;-0,2976;0,2148;0,7526;0,0466;0,126;6,09998232888297;544,60534
"271";">CapB_IB20(SH10)_2";"GDDL";97,5;2,895;-2,0571944769004;0,055;-0,6875;-0,4375;-0,40025;-0,49475;-0,53025;0,69575;-0,27425;-1,20275;0,09;3,49190139552683;418,40374
"272";">CapB_IB20(SH10)_3";"KAIQS";98;1,552;0,94040957235729;-0,022;-0,366;0,264;-0,2062;0,2926;-0,2076;0,5162;-0,0614;0,2642;0,436;9,70001568333414;545,63644
"273";">CapB_IB20(SH10)_4";"KEGQQ";0;4,5;-0,0564381184594501;0,444;-0,408;-0,052;-0,9402;0,1006;-0,364;0,173;-0,188;-0,0964;0,982;6,40878378972325;588,61814
"274";">CapB_IB20(SH10)_5";"IATRGQKGMQAEE";45,3846153846154;2,69;-0,0532958091761909;-0,0153846153846154;-0,394615384615385;0,0738461538461538;-0,360923076923077;0,240307692307692;-0,374076923076923;0,378076923076923;-0,125307692307692;-0,051076923076923;0,490769230769231;6,53210882997885;1418,58774
"275";">CspA_IB20(SH4)_1";"MATRETGN";12,5;3,55125;-0,0560501696151462;0,0875;-0,43625;0,185;-0,345375;-0,015625;-0,485125;0,234125;-0,12225;-0,00462499999999996;0,49375;6,41013912425225;878,95554
"276";">CspA_IB20(SH4)_2";"NDAKGY";16,6666666666667;3,05;-0,0595904276427103;0,148333333333333;-0,45;0,103333333333333;-0,5605;-0,511166666666667;-0,273166666666667;0,316333333333333;-0,475666666666667;-0,4445;0,388333333333333;6,33056907600969;666,68844
"277";">CspA_IB20(SH4)_3";"IQREDGKD";48,75;5,55;-1,05445011636145;0,4125;-0,3675;-0,13375;-0,76525;0,0185;-0,202375;0,172;-0,20825;-0,157;0,81625;4,37041725390566;960,01154
"278";">CspA_IB20(SH4)_4";"VHY";96,6666666666667;0,253333333333333;0,140568529015695;-0,00666666666666665;-0,04;0,00999999999999999;-0,424333333333333;0,0493333333333334;0,586;-0,286666666666667;-0,354333333333333;0,498666666666667;-0,226666666666667;7,54232835517989;417,46494
"279";">CspA_IB20(SH4)_5";"RAIRGDGHRS";49;5,293;2,14253653131369;0,082;-0,274;0,402;-0,4429;-0,2777;-0,3651;0,2595;-0,2742;0,4058;0,576;12,1991120737657;1124,22764
"280";">CspA_IB20(SH4)_6";"AEGQQ";20;3,028;-1,05604016971515;0,132;-0,58;-0,19;-0,6214;0,1504;-0,6228;0,3838;-0,1416;-0,4478;0,588;3,84997403782626;531,52284
"281";">CspA_IB20(SH4)_7";"VEY";96,6666666666667;0,97;-1,05703917071415;0,0833333333333333;-0,183333333333333;-0,443333333333333;-0,784;0,358333333333333;0,473666666666667;0,253333333333333;-0,213333333333333;0,00800000000000003;0,07;3,84997359877213;409,43934
"282";">CspA_IB20(SH4)_8";"VTGEKGL";97,1428571428571;0,584285714285714;-0,05643811845945;-0,245714285714286;-0,497142857142857;0,14;-0,472857142857143;-0,179285714285714;-0,466571428571429;0,896428571428571;-0,221571428571429;-0,137714285714286;0,24;6,40878378972325;702,80574
"283";">CspA_IB20(SH4)_9";"QAED";25;4,815;-2,05504116871614;0,44;-0,6225;-0,515;-0,83;0,5365;-0,4995;0,2425;0,047;-0,815;0,7025;3,55006432834579;461,42884
"284";">CapA_IB20(KG01_1)_1";"ITPQGGGDL";86,6666666666667;0,463333333333333;-1,0581934778994;-0,345555555555556;-0,583333333333333;-0,00333333333333334;-0,0564444444444444;-0,838222222222222;-0,584222222222222;0,656444444444444;0,0733333333333333;-0,56;-0,0622222222222222;3,74997247561585;856,93084
